Area,Bedrooms,Bathrooms,Parking,Location_Score,Property_Age,Furnishing_Status,Price
2015,4,3,3,3,9,0,1595491
2048,5,1,1,8,17,0,1897211
1244,4,3,3,2,0,0,1711489
618,5,4,1,1,15,0,1346950
3633,3,3,2,4,1,0,1848738
866,1,1,1,6,6,1,1302946
3915,4,3,0,8,14,0,2059409
1791,1,1,2,10,1,0,1932682
3617,5,3,1,9,18,1,2436628
1409,3,3,0,7,1,0,2120205
3174,5,2,0,7,1,1,2549782
1078,1,3,1,7,0,1,1843991
765,1,1,1,6,9,0,1031804
3883,2,3,3,1,17,0,768398
760,3,4,0,10,10,1,2501720
3282,2,3,3,6,7,0,1894702
2846,3,1,2,4,9,0,1395518
3343,4,3,2,4,7,0,1849277
2738,5,1,1,9,2,1,2690047
3252,1,3,0,5,13,1,1183234
1907,4,2,1,9,16,0,2086390
1343,4,4,3,5,14,0,1966380
2253,5,2,2,2,12,1,1567367
2745,1,2,0,8,15,0,1301977
1796,2,3,0,2,15,0,629423
1383,3,3,2,5,11,1,1790657
2412,3,2,3,7,0,0,2150372
1264,1,1,2,1,7,1,589850
692,1,3,0,8,0,1,1841553
2236,1,3,0,5,9,0,1082009
2745,1,2,2,6,9,0,1295380
618,4,1,1,3,14,0,1037473
1699,4,2,1,2,10,1,1332384
1068,1,4,0,4,19,1,881209
2322,2,1,3,6,2,0,1778818
979,2,3,0,4,2,1,1393555
1154,4,4,2,7,13,0,2131602
1384,5,1,1,8,13,1,2168036
3835,4,2,1,3,8,0,1571961
3680,5,2,1,4,19,1,1597200
930,5,2,3,4,10,1,1903716
2535,1,4,1,6,4,1,1852792
2146,5,4,3,8,16,1,2727761
2806,3,1,0,1,10,0,665696
1010,4,4,1,8,6,1,2447501
1541,5,4,1,10,8,0,2798040
2666,3,1,0,7,10,0,1530978
2350,4,1,0,9,18,1,1842238
788,4,2,1,7,13,0,1735411
2322,2,4,0,4,9,1,1442197
3208,3,1,3,10,12,0,2179871
1240,3,1,0,6,5,0,1457453
1346,4,4,2,7,6,1,2488789
864,3,2,1,1,20,0,527309
1674,1,4,2,1,2,0,1015571
2523,2,3,1,1,19,0,436681
3506,1,2,1,10,0,1,2221555
3922,4,4,1,6,12,1,2257393
1750,4,4,0,7,13,0,2117571
967,2,3,3,9,14,1,2122731
3251,4,1,1,7,7,1,2113447
1661,1,3,0,3,2,0,1064132
1082,2,1,1,6,9,0,1232232
1663,3,2,3,5,16,0,1517061
2545,3,2,3,3,17,1,1230060
2372,1,4,3,2,15,1,910327
3643,2,3,0,3,19,0,848991
1214,5,4,2,3,7,0,2004398
3646,1,1,0,5,2,1,1210777
993,1,1,2,2,2,0,781908
3556,1,2,0,8,6,0,1680914
3567,4,3,0,8,18,1,2140410
2211,1,1,3,2,11,0,537165
683,2,4,0,2,4,0,1102367
2005,3,2,3,6,0,0,2022273
828,5,4,1,4,6,0,2027319
2585,1,1,1,6,7,1,1338624
893,5,2,1,4,10,0,1699694
2351,3,4,2,7,20,1,1861977
2855,5,4,1,6,13,0,2115403
2415,5,1,3,8,20,1,2222634
2655,4,3,3,9,0,0,2832338
1099,1,2,0,5,1,1,1343566
1086,3,2,3,10,0,0,2543284
3486,1,2,3,8,3,0,1920220
739,4,3,0,7,17,1,1815062
2767,4,1,3,9,8,1,2548520
2947,4,4,2,10,17,0,2524934
1228,5,2,3,2,20,0,1249645
1881,4,2,0,5,17,1,1472879
2681,2,3,2,6,14,1,1568589
3458,1,4,0,6,15,1,1373530
1584,4,3,2,1,12,1,1243676
2648,2,1,1,8,9,1,1724647
3639,1,1,3,4,13,1,990064
2753,1,4,0,1,0,0,910207
1778,1,2,1,2,18,0,272464
1586,2,1,0,7,5,0,1519692
672,1,2,0,10,1,0,2025388
2053,4,3,1,10,8,1,2621222
3208,3,3,3,10,18,0,2370132
1460,4,1,2,6,9,1,1806560
1428,2,1,1,10,20,0,1662229
992,3,3,3,9,18,1,2077863
2124,4,1,1,1,2,1,1342159
868,1,1,3,10,14,1,1710845
3446,3,3,3,1,8,1,1328069
1249,2,4,3,10,2,0,2591863
688,5,2,0,10,8,0,2526339
1199,1,2,2,5,11,0,1078743
3918,2,3,0,1,4,1,1045984
2596,3,3,0,2,0,1,1491536
2481,3,3,1,1,4,1,1354527
2386,3,3,2,4,14,1,1419731
3064,5,1,3,3,6,0,1737297
3617,1,3,0,4,9,1,1177613
2019,1,2,2,6,15,0,1160034
3974,4,4,3,7,17,0,2271206
975,5,2,3,5,4,0,2135404
1211,3,4,0,9,17,1,2052808
1650,5,2,2,9,16,0,2277132
2383,5,4,2,10,12,1,2983495
2058,2,1,0,5,6,1,1321435
3122,1,3,3,1,8,0,896909
3871,3,4,3,8,16,1,2353940
2779,4,2,3,6,4,0,2257217
880,4,2,1,8,18,1,2005740
607,5,4,3,2,16,1,1722928
1354,3,4,1,9,4,1,2457081
1638,2,1,1,7,20,0,1215360
2274,2,4,0,3,8,0,1132758
3121,4,4,3,10,14,0,2734278
2757,5,4,1,1,11,0,1587153
1885,4,2,0,4,14,0,1222912
1471,3,3,3,7,13,1,2060568
3313,1,3,2,9,0,1,2330408
2480,2,4,2,7,19,0,1676969
1751,2,2,1,6,15,1,1402936
3721,2,2,0,3,18,1,879376
3326,4,2,1,3,6,0,1527804
894,3,4,3,8,19,0,1894458
3843,4,2,3,7,0,1,2522840
1864,3,1,3,5,0,1,1823757
2435,2,2,1,4,17,0,871601
1353,1,2,1,10,9,1,2009935
3103,2,1,2,8,12,0,1714686
2185,3,2,2,8,6,1,2215584
1115,2,2,1,9,6,0,1867149
1004,4,1,1,4,3,0,1490785
1972,3,4,3,8,1,0,2568112
2107,5,3,0,5,15,1,1764470
2052,3,1,0,10,12,1,2077921
1383,5,3,2,8,14,0,2374809
994,3,4,1,6,3,0,2031291
1260,1,3,3,3,12,0,985836
2110,3,3,1,5,19,1,1349734
1210,2,4,0,9,6,1,2203617
922,1,1,3,1,17,0,215415
2616,1,3,2,6,9,1,1590297
3602,1,1,0,4,17,0,533024
3339,5,1,0,6,2,1,2158569
621,3,1,1,1,2,0,881010
1959,1,4,3,9,8,1,2140165
1975,5,4,0,6,16,1,2052182
1623,3,2,1,3,0,1,1624858
3074,5,2,2,1,10,1,1407944
729,3,1,0,3,16,1,834896
1870,5,2,2,2,3,0,1608029
938,1,3,0,8,4,1,1733026
3791,3,1,1,5,20,1,1147799
1746,5,1,1,2,3,0,1512820
3212,2,1,2,2,10,0,885136
2595,3,1,1,6,7,1,1728067
2781,3,2,3,10,7,0,2481692
3268,3,2,3,10,16,1,2405660
2538,4,3,2,6,3,1,2265872
2330,3,2,0,1,11,0,862892
1452,5,3,0,9,18,1,2417203
1237,4,4,1,7,14,1,2084188
3036,1,4,1,1,12,0,697679
791,2,3,0,10,16,0,1776735
3290,4,4,2,10,3,0,3048032
3934,5,3,0,8,7,1,2579073
2403,3,4,3,10,12,1,2726587
2382,1,3,1,3,10,0,940989
3598,3,4,3,8,2,1,2711123
715,1,3,2,10,5,0,2052500
670,5,4,2,10,3,0,3024023
1812,3,2,3,6,0,0,1967056
904,3,4,0,7,1,0,2151123
1304,3,3,0,10,2,1,2511570
847,2,1,2,5,18,1,1112584
1520,5,4,2,5,0,0,2460148
1143,5,4,0,8,17,0,2132174
1474,2,4,3,7,2,1,2285784
2524,4,2,3,2,0,1,1714137
3114,4,4,2,8,19,0,2151664
2143,2,3,0,8,8,0,1758497
1975,1,2,3,8,6,1,1887124
3262,3,2,0,7,15,1,1757417
3741,1,2,2,8,2,1,1934760
2509,1,3,0,9,14,0,1652272
886,2,4,3,10,5,0,2509315
2780,5,1,0,9,17,0,2009662
3156,4,3,1,8,10,1,2371222
1086,4,2,0,8,15,1,1858232
3831,1,1,2,4,4,0,1170845
3725,3,2,3,5,9,0,1738822
1652,4,2,1,9,0,0,2585664
2362,4,4,2,10,10,1,2927051
2723,5,3,2,1,0,1,1873821
3260,5,2,0,8,0,0,2594936
3993,5,4,1,10,5,1,3101616
3855,2,1,2,10,18,1,1979022
3955,4,4,0,8,2,0,2665673
770,1,3,0,4,16,0,698948
2944,1,4,1,9,1,1,2306013
3014,1,4,2,3,14,1,1023109
1964,2,1,1,2,7,0,726841
1923,3,2,0,8,16,1,1774854
1662,3,2,2,6,12,1,1633953
2530,3,1,0,8,9,1,1954633
3504,5,3,0,8,9,1,2627642
3475,5,1,0,6,7,1,2023084
1211,3,2,3,6,4,0,1944160
1245,3,1,3,4,12,1,1401593
3418,1,4,3,4,1,1,1743006
2713,3,2,2,2,20,1,937468
3708,1,2,3,6,1,1,1883009
1982,4,1,0,1,7,1,980173
810,3,3,3,6,8,0,1923097
1034,2,4,2,1,5,0,1043170
603,2,4,2,4,8,1,1616776
1257,1,2,0,5,20,1,714379
2952,1,1,2,2,17,0,452027
3174,3,4,2,10,12,0,2565234
3216,1,2,1,5,2,1,1448211
2661,2,3,3,2,16,0,1025186
2991,2,2,0,5,13,0,1157722
3119,3,1,1,3,19,1,894666
1519,1,2,0,5,17,0,759263
2805,5,1,1,9,18,0,2103901
3839,5,3,3,8,8,1,2733068
3178,3,2,3,5,2,1,2038031
3081,4,4,3,9,7,1,2909213
2992,3,3,0,8,6,0,2213039
1952,1,2,3,4,3,1,1321212
3449,4,3,2,9,3,0,2781748
1593,1,1,0,9,6,1,1616804
2434,2,4,0,10,14,0,2049524
1621,1,2,2,3,13,0,735421
2072,1,4,2,10,15,1,2119289
3049,5,4,0,7,14,0,2308668
1180,4,4,1,2,9,0,1454498
3357,3,1,3,8,1,0,2343210
2458,4,1,1,2,19,0,927966
1888,3,1,3,10,9,1,2443524
3415,2,3,3,3,14,0,1240631
2635,1,2,2,2,7,1,980264
986,5,4,1,10,4,0,3041555
3732,2,2,3,9,11,0,2050077
3628,3,2,0,4,19,1,1199650
2528,5,2,3,10,3,1,3053000
2551,2,3,2,10,5,0,2400639
3246,2,2,0,9,8,1,1989620
1668,1,4,2,9,13,1,2024466
1584,1,3,2,4,12,0,939833
1112,3,1,0,10,20,1,1842138
3215,4,4,0,8,6,1,2617365
1039,3,2,3,1,4,1,1264882
1344,3,2,2,3,6,1,1499917
1944,5,1,2,5,8,0,1936846
3364,2,3,0,3,0,0,1388495
1687,2,2,2,9,19,1,1786093
2855,4,4,3,9,2,1,3133838
1179,4,4,1,7,13,1,2148574
1570,3,1,0,9,2,0,2164312
3928,4,4,1,9,18,0,2434319
3099,4,2,3,1,0,0,1621784
1323,4,2,2,2,13,0,1142260
2034,1,3,1,2,9,1,849172
955,2,2,3,7,17,1,1638390
699,1,3,2,8,9,1,1844216
1174,1,4,2,6,16,1,1398938
2367,3,1,0,10,14,0,1856226
3224,2,3,2,9,2,0,2374535
3527,2,2,1,3,7,0,1202079
2311,3,1,2,1,3,1,1140732
2588,2,4,1,9,15,1,2118261
2771,1,1,1,9,17,0,1459016
3978,2,2,3,2,4,0,1194226
1648,4,1,2,2,18,0,927387
1566,4,1,2,3,1,0,1595988
2563,2,2,0,10,7,1,2078048
795,2,4,3,6,13,0,1592324
3784,1,2,0,10,17,1,1717255
2502,3,3,2,2,2,1,1496573
3208,1,4,0,10,4,1,2289761
1207,4,4,3,6,17,0,1944924
1028,4,4,3,7,0,0,2588588
3300,4,1,2,4,7,0,1537738
3035,2,3,2,5,13,1,1450181
3658,2,4,1,10,9,0,2390241
1936,4,4,2,3,8,0,1830340
1330,1,1,2,7,1,0,1486084
3614,3,4,1,4,7,0,1710465
3346,4,1,3,8,4,1,2584197
659,3,2,0,6,10,0,1434342
1212,5,2,3,6,0,1,2618649
1899,1,3,2,6,2,0,1695341
3566,4,1,1,6,20,0,1373399
759,4,1,2,6,3,1,2014301
2951,2,4,3,3,9,1,1541975
3751,3,3,3,8,2,0,2438752
2185,2,3,3,1,0,1,1420704
1238,3,3,3,8,7,1,2387427
3775,3,4,0,4,11,0,1504322
3262,3,3,3,6,14,0,1820564
3864,5,2,2,10,1,1,3106110
2100,4,4,2,7,20,0,2071617
2425,3,3,3,10,4,1,2849149
1252,2,1,0,7,6,1,1630683
3525,2,2,2,3,17,0,884762
1447,2,4,2,3,18,0,995074
2206,3,1,1,3,6,1,1207550
2521,5,3,3,2,3,0,1965157
1548,1,1,0,10,6,1,1871893
2510,5,4,1,10,4,1,3128352
615,3,1,3,2,0,0,1328813
3056,2,4,1,3,7,0,1358593
3666,1,1,3,1,16,1,487464
3816,4,3,1,10,18,0,2464511
2417,2,1,0,8,16,1,1374876
3373,3,4,3,10,10,0,2661798
1827,1,1,1,7,13,1,1250555
2926,2,3,2,5,9,1,1546290
1492,1,1,1,4,10,1,808473
3664,4,1,2,2,12,0,1186439
3439,5,2,0,7,5,1,2345648
713,1,4,0,6,16,1,1307867
1034,4,4,2,9,0,0,2836916
3547,3,1,3,5,10,1,1748955
2550,2,4,1,1,7,1,1027798
974,3,4,0,7,5,0,1996885
2685,4,2,0,6,8,1,1928677
863,2,3,1,8,16,1,1617907
2367,4,4,0,3,10,0,1444740
2568,4,4,0,7,6,1,2410177
1363,3,4,2,5,17,1,1634840
3782,1,4,3,7,2,0,2036452
3845,1,4,0,1,1,0,1014406
1858,1,1,1,7,15,0,1045301
1597,4,3,2,4,15,0,1586422
1695,2,2,1,8,15,1,1674256
2528,5,3,3,10,10,0,2832311
2285,4,1,3,9,3,0,2430902
1305,5,4,2,8,11,1,2651736
2966,1,1,2,6,20,1,1010722
1381,2,3,1,10,2,1,2507371
2138,2,3,2,8,12,1,1930137
3536,4,4,0,9,18,0,2194910
2151,5,3,2,10,18,0,2595581
960,1,3,1,3,9,0,940180
1884,5,3,0,9,15,1,2511378
3112,3,4,1,7,1,1,2497848
3404,4,1,2,10,15,0,2246167
3192,3,4,2,4,15,0,1611961
3583,3,3,1,8,4,0,2322855
3563,2,3,0,1,13,0,617341
989,1,2,2,2,16,1,564044
3677,4,4,2,5,2,0,2272487
3483,4,2,0,2,6,1,1436192
863,2,4,3,7,11,0,1954939
1257,1,1,1,8,5,1,1525253
1080,1,3,3,3,12,0,993965
2810,2,4,0,5,14,0,1293601
687,4,1,1,3,4,1,1505473
990,3,1,0,1,12,0,477693
670,5,3,2,9,18,0,2425335
1643,4,3,0,5,2,1,2084852
3375,5,3,0,10,0,1,3115160
636,1,2,2,3,5,1,1095156
1334,3,2,3,9,8,1,2382269
3771,4,1,1,8,0,0,2275322
1357,4,3,1,6,17,0,1679883
3584,4,3,3,4,14,0,1650422
3712,3,3,3,3,16,0,1258228
2323,5,2,0,9,15,0,2257602
3095,1,3,3,6,17,0,1395551
2869,1,1,0,1,12,0,242733
2692,2,3,2,9,6,0,2279123
1711,2,4,3,1,16,1,945590
1087,1,3,3,3,16,1,839416
1004,4,1,2,7,3,1,2253633
2518,3,1,1,1,11,0,745307
2311,1,4,3,9,16,0,1981746
1324,5,1,2,9,6,0,2451053
2143,1,4,3,4,20,1,1025223
3212,4,4,3,10,16,1,2787908
1372,2,2,0,3,13,1,837947
2561,4,2,2,7,8,1,2199850
3112,3,1,2,2,13,0,835951
1239,4,4,3,4,14,1,1841511
3999,5,1,0,1,19,1,918581
831,4,2,3,4,0,0,1820761
3196,3,1,0,5,20,0,1088646
3947,5,4,2,6,6,0,2472647
1422,1,4,1,8,19,0,1371555
2435,3,2,2,6,17,1,1629511
803,2,1,0,4,1,1,1197579
2351,5,1,0,10,16,0,2233886
1790,4,3,0,2,8,0,1268475
3043,5,4,2,6,18,1,2164018
3659,2,1,1,6,7,1,1532841
1817,5,3,2,6,17,1,2019616
3311,2,2,1,2,2,1,1292316
2088,5,2,0,10,16,1,2534711
1041,5,3,1,4,3,0,1956495
2372,2,4,1,5,9,0,1577319
3106,5,2,3,6,1,0,2420341
1300,5,2,1,9,3,1,2782222
3416,2,4,0,8,11,0,1907971
3330,2,3,0,6,14,0,1422426
1569,1,1,1,3,8,1,814009
3499,5,1,1,3,7,1,1778101
1168,4,2,1,8,19,1,1930758
1357,2,1,1,3,0,1,1136390
1909,5,4,1,8,11,1,2597245
2876,3,2,2,8,10,0,2008597
2130,2,4,1,1,17,1,759794
1380,4,2,3,9,12,0,2332425
3337,2,4,3,5,12,1,1820757
1097,1,1,3,3,9,1,823964
2342,2,4,3,5,4,1,1956387
1458,5,1,2,7,2,0,2367779
1820,5,2,1,8,17,1,2140383
2996,3,3,3,9,10,1,2402684
1693,5,2,2,8,11,1,2521125
1515,4,2,3,1,1,1,1593076
938,4,3,3,10,14,1,2559472
3202,5,2,3,1,7,0,1615862
3025,1,4,1,4,5,0,1413453
2473,1,4,0,9,8,1,2067641
3767,4,1,0,8,3,0,2154573
3370,4,3,3,2,10,1,1585053
1886,5,4,2,8,15,1,2630362
2472,4,1,1,6,19,1,1528349
883,1,2,0,2,16,1,445293
767,1,4,1,5,14,0,1034013
3061,1,3,0,3,0,0,1210460
936,4,3,3,10,10,1,2705662
2685,3,2,2,2,15,0,995807
3231,3,4,0,4,19,1,1266271
1244,3,1,1,5,10,0,1223640
2328,2,3,0,10,9,0,2009589
3261,4,4,3,1,11,1,1494121
1257,3,1,2,2,11,1,997734
3515,2,4,3,1,17,0,908628
1457,3,2,2,6,5,0,1829273
1327,4,1,2,1,2,1,1256448
884,5,3,2,9,4,0,2815245
1965,1,4,1,3,16,0,857461
3437,2,1,0,3,15,1,809489
983,1,1,0,3,19,1,303818
3485,4,1,3,10,15,0,2375070
3695,3,1,0,8,1,0,2005114
1920,2,3,0,10,16,1,2029039
1136,4,4,2,6,17,0,1967376
1807,5,4,2,9,19,0,2545017
3178,4,2,1,4,13,0,1504805
2557,5,4,2,6,20,0,2078451
1973,2,3,0,7,5,0,1786433
1094,5,1,1,6,4,0,2075208
1990,1,4,0,1,13,0,619659
3693,4,2,0,10,6,1,2722738
1028,5,3,3,10,5,0,2991376
2674,2,1,1,9,14,0,1624794
3622,4,4,1,5,3,1,2357564
794,3,1,0,5,20,1,964807
3362,3,3,0,5,19,1,1409717
1354,5,1,3,2,14,1,1357363
2982,4,3,0,1,20,1,938391
1330,4,3,3,5,7,1,2187883
2447,5,2,2,1,6,0,1465075
962,1,1,1,7,12,0,1196854
1387,3,2,2,10,10,1,2435676
2462,1,3,1,4,20,1,851939
1008,4,4,3,6,20,1,1947061
869,4,2,0,7,18,1,1625897
3267,5,3,3,6,15,0,2280903
3227,3,4,2,2,0,0,1587931
2945,3,3,2,2,7,0,1297458
2349,1,3,3,10,9,1,2209413
670,3,4,0,1,17,1,841148
1065,5,4,2,9,12,1,2877018
2000,1,1,1,5,0,0,1237693
2961,1,1,1,5,4,0,1226081
3895,2,1,2,6,13,1,1454778
1420,2,2,2,10,19,1,1956480
2485,3,3,3,4,1,1,1957055
